uid,summary
id_2000-AGENDA_1,제성군의회 제235회 제1차 정례회 제1차 본회의 개의 선포.
id_2000-AGENDA_2,음성군의회 제235회 제1차 정례회 회기는 2012년 6월 21일부터 6월 28일까지 8일간으로 가결됨.
id_2000-AGENDA_3,"제235회 제1차 정례회 회의록 서명의원으로 조천희 의원, 손달섭 의원이 선출됨."
id_2000-AGENDA_4,"예산결산특별위원회위원은 손수종 의원, 이한철 의원, 남궁유 의원, 조천희 의원, 손달섭 의원, 이대웅 의원, 김순옥 의원으로 구성함. 특별위원회는 6월 25일 하루간 2011년도 예비비 지출"
id_2000-AGENDA_5,환경3년도 제1차 정례회 제1차 본회의를 맞이하여 음성군 환경분야 현지확인을 발의하여 제안됨. 해당 안건은 가결됨.
id_2000-AGENDA_6,주요사업 현지확인 결과보고의 건은 채택됨.
id_2001-AGENDA_1,제332회 음성군의회 임시회 제1차 본회의 개의 선포.
id_2001-AGENDA_2,제222회 음성군의회 회기는 4월 22일부터 4월 27일까지 6일간으로 가결됨.
id_2001-AGENDA_3,제332회 음성군의회 임시회 회의록 서명의원으로 김영섭 부의장과 김영호 의원이 선출됨.
id_2001-AGENDA_4,"2020년도 제1회 세입, 세출 추가경정예산안 및 기금운용계획 변경안 제안설명."
id_2001-AGENDA_5,"예산2대 예산결산특별위원회위원은 김영섭 부의장, 안해성 의원, 서효석 의원, 서형석 의원, 김영호 의원, 최용락 의원, 임옥순 의원으로 구성함. 특별위원회는 4월 22일부터 4월 27"
id_2001-AGENDA_6,"어해의 한자어 기획정비에 따른 음성군 건축물관리자의 제설, 제빙 책임에 관한 조례 등 일부개정조례안은 우리 자치법규에 어려운 한자어나 일본식으로 표기된 용어를 우리"
id_2001-AGENDA_7,음성군 군세 감면 조례 일부개정조례안은 <지방세특례제한법> 및 동법 시행령의 개정사항을 반영하여 음성군 군세 감면 조례를 일부 개정하고자 제정됨. 해당 안건은 가결
id_2001-AGENDA_8,음성군 건축 조례 일부개정조례안은 <건축법>개정에 따른 위임사무와 음성군 건축 조례에 따른 건축업무 수행 중 일부 미비점을 현실에 맞도록 개선 및 보완하고 그 시행에 필요한 사항을
id_2001-AGENDA_9,2020년 수시분 공유재산 관리계획안은 <공유재산 및 물품 관리법>제10조제3항 및 동법 시행령 제7조에 따라 음성군의회의 의결을 얻고자 제안됨. 해당 안건은 가
id_2001-AGENDA_10,공립어린이집 민간위탁(신규) 동의안은 신규설치 예정인 공립어린이집에 대해 민간위탁체를 선정하여 어린이집을 보다 효율적으로 운영하고자 동의를 구함. 해당 안건은 가결됨. 공립
id_2001-AGENDA_11,4월 23일부터 24일까지 휴회가 가결됨. 제2차 본회의는 4월 27일 오전 10시에 개의.
id_2002-AGENDA_1,제296회 음성군의회 임시회 제1차 본회의 개의 선포.
id_2002-AGENDA_2,한동완 의원은 음성지역 발전을 위하여 수고가 많으신 이필용 군수님과 공직자 여러분의 노고에도 감사를 표함. 맹동면 정욱리싸이클링 폐기물처리업체 건축허가 취소의
id_2002-AGENDA_3,제296회 음성군의회 임시회 회기는 2월 12일 하루로 가결됨.
id_2002-AGENDA_4,"제296회 임시회 회의록 서명의원으로 남궁유 의원, 우성수 의원이 선출됨."
id_2002-AGENDA_5,음성군 사회복지협의회 지원 조례안은 음성군 사회복지협의회가 지역사회 복지증진에 기여하고 업무를 효율적으로 수행할 수 있도록 지원에 필요한 사항을 제정하고자 제정되었음. 해당 안건은 가결됨.
id_2002-AGENDA_6,음성군 사회복지사 등의 처우 및 지위 향상에 관한 조례안은 사회복지사 등에 대한 처우를 개선하고 신분 보장을 강화하여 그 지위를 향상하도록 지원하고자 제정되었음. 해당 안건은 가결됨.
id_2002-AGENDA_7,정월리싸이클링에 대한 행정사무조사 계획서 승인의 건은 가결됨.
id_2002-AGENDA_8,"충북혁신도시 내 <소방복합치유센터>유치 건의안은 정부 정책인 혁신도시 활성화와 의료사각지대 해소, 전국적인 교통 접근성을 갖추고 있는 충북혁신도시에 소방가족의 염원인 소방복합치"
id_2002-AGENDA_9,"음성군 맹동면 및 진천군 덕산면 택시공동사업구역 확대 지정 촉구 건의안은 음성군 맹동면과 진천군 덕산면 지역 전체에 대해 택시공동사업구역 지정이 절실하여 제안하였으며, 해당"
id_2002-AGENDA_10,음성군 청렴이행 서약제 운영 조례 일부개정조례안은 공공계약과 관련하여 공직자가 계약 체결을 매개로 민간에 부당한 청탁을 할 가능성을 사전에 방지하기 위해서 청렴이행서약서에 부정한 취업
id_2002-AGENDA_11,음성군 참전유공자 지원 조례 일부개정조례안은 참전유공자와 그 유족에게 합당한 예우를 하기 위하여 참전명예수당을 매월 10만원으로 인상하여 지급하고 참전유공자가
id_2002-AGENDA_12,2018년도 수시분 공유재산 관리계획안 제안 설명.
id_2002-AGENDA_13,음성군 공동주택관리 조례 일부개정조례안은 음성군 공동주택관리 조례에 따른 공동주택관리비용 지원 과정에서 나타난 일부 미비점을 현실에 맞도록 개선 및 보완하고 공동주택을 체계적 및 효율적으로 관리하고자
id_2003-AGENDA_1,제27회 완주군의회 임시회 제1차 본회의 개의 선포.
id_2003-AGENDA_2,제72회 완주군의회 임시회 회기는 11월 12일부터 11월 16일까지 5일간으로 가결됨.
id_2003-AGENDA_3,"행정주군의회행정사무감사특별위원회위원은 이희창 의원, 안성근 의원, 소학영 의원, 함정구 의원, 이석환 의원, 홍의환 의원, 김영석 의원, 소병래 의원, 조정석 의원, 박용규 의원, 남대일"
id_2003-AGENDA_4,11월 13일부터 11월 15일까지 3일간 휴회가 가결됨.
id_2003-AGENDA_5,제72회 완주군의회 임시회 회의록 서명의원으로 조정석 의원과 이진철 의원이 선임됨.
id_2004-AGENDA_1,"제장 선거는 총 투표수 9표 중에서 최관식 의원, 남궁유 의원, 김우식 의원, 김성채 의원, 박희남 의원, 진의장 의원, 이준구 의원, 김천봉 의원, 고재협 의원으로 구성함."
id_2004-AGENDA_2,제76회 음성군의회 임시회 회기는 7월 10일부터 7월 15일까지 6일간으로 가결됨.
id_2004-AGENDA_3,제76회 음성군의회 임시회 제1차 본회의록 서명의원으로 고재협 의원과 김성채 의원이 선출됨.
id_2004-AGENDA_4,제76회 제2차 본회의는 7월 13일 오전 10시에 개의.
id_2005-AGENDA_1,제129회 음성군의회 임시회 제1차 본회의 개의 선포.
id_2005-AGENDA_2,제129회 음성군의회 임시회 회기는 6월 10일부터 6월 17일까지 8일간으로 가결됨.
id_2005-AGENDA_3,제129회 임시회 회의록 서명의원으로 정지태 의원과 이한철 의원이 선출됨.
id_2005-AGENDA_4,"이월사업 및 주요사업현지확인특별위원회 구성하고자 함. 특별위원회는 2002년도 이월사업장, 2003년도 주요사업 현지확인 특별위원회 구성함. 특별위원회는 6월 11일부터 6월 17일까지 7일간 2002년도 이월"
id_2005-AGENDA_5,음성군 표준정원제재산정건의안은 행정자치부에서 시행한 공무원표준정원제가 타 자치단체에 비해 지역 여건 및 통계를 전혀 고려하지 않은 실정으로 타 자치단체에 비하여 매우 불합리하고 형평성이 결
id_2005-AGENDA_6,제129회 임시회 휴회의 건은 회기 중 이월사업 및 주요사업현지확인특별위원회 활동을 하는 의사일정으로 갈음함.
id_2006-AGENDA_1,제323회 음성군의회 임시회 제1차 본회의 개의 선포.
id_2006-AGENDA_2,제323회 음성군의회 임시회 회기는 5월 19일부터 5월 22일까지 4일간으로 가결됨.
id_2006-AGENDA_3,"제323회 음성군의회 임시회 회의록 서명의원으로 서형석 의원, 서효석 의원이 선출됨."
id_2006-AGENDA_4,"주요사업 현지확인 특별위원회위원은 김영섭 부의장, 안해성 의원, 서효석 의원, 서형석 의원, 김영호 의원, 최용락 의원, 임옥순 의원으로 구성함. 특별위원회는 5월 19일부터 5월 22일까지"
id_2006-AGENDA_5,음성군의회 의원 윤리강령 및 행동강령 조례 일부개정조례안은 지방의회의원 행동강령이 개정됨에 따라 제도의 통일성 있는 운영을 위해 해당 내용을 반영하여 필요한 사항을 개정하고자 제정되었음. 해당
id_2006-AGENDA_6,음성군 재정안정화기금 설치 및 운용 조례안은 회계연도 간의 재정수입 불균형을 조정하고 경기 불확실성에 대비한 자금 비축으로 재정운용의 안정을 도모하고자 제정되었음. 해당 안건은 가결
id_2006-AGENDA_7,음성군 사무의 민간위탁 촉진 및 관리 조례 전부개정조례안은 국민권익위원회 권고에 따라 민간위탁 사무의 공정성과 투명성을 확보하고자 제정되었음. 해당 안건은 가결됨.
id_2006-AGENDA_8,음성군 마을세무사 운영에 관한 조례안은 마을세무사 운영의 제도적 근거 마련을 통해 세무사 이용이 어려운 영세사업자 및 취약계층의 군민들에게 체계적이고 지속적인 상담운영 서비스 제공을 위해 필요한
id_2006-AGENDA_9,"음성군 산학융합지구 활성화 지원 조례안은 충북혁신도시 산학융합지구 지정 등 산업 활성화 육성관리 및 지원, 산학융합형 인력양성 및 운영에 필요한 사항을 정하여 산학융합지구 활성화를 도모하고자 제정되었음. 해당"
id_2006-AGENDA_10,음성군 보도구역 내 횡단차도 설치에 관한 조례 폐지조례안은 <도로법>과 <음성군 도로복구 원인자부담금 징수 조례>의 규정과 중복되어 따로 규정할 실
id_2006-AGENDA_11,2020년도 수시분 공유재산 관리계획안 제안설명.
id_2006-AGENDA_12,"중부내륙철도 지선(중부선) 연결 제4차 국가철도망 구축 건의안은 대한민국 중부권 성장을 견인할 강력한 인프라사업으로 충북혁신도시와 내륙 간 철도 네트워크를 최소 사업비로 건설이 가능하며, 대한민국 중심의"
id_2006-AGENDA_13,5월 20일부터 5월 22일까지 휴회가 가결됨.
id_2007-AGENDA_1,제43회 청주시의회(임시회) 제1차 본회의 개의 선포.
id_2007-AGENDA_2,복지교육위원회 김영근 의원은 청주시의회 의정회의에서 노무현 전 대통령 추모비 설치가 청주시의회 반대로 무산됨.
id_2007-AGENDA_3,제43회 청주시의회(임시회) 회기는 5월 22일부터 5월 28일까지 7일간으로 가결됨.
id_2007-AGENDA_4,5월 27일 시정질문을 위한 청주시장 및 관계공무원 출석을 요구하여 가결됨.
id_2007-AGENDA_5,5월 23일부터 5월 26일까지 4일간 휴회가 가결됨. 제2차 본회의는 5월 27일 오전 10시에 개의.
id_2009-AGENDA_1,제235회 완주군의회 제2차 정례회 제1차 본회의 개의 선포.
id_2009-AGENDA_2,제235회 완주군의회 제2차 정례회 회기는 11월 20일부터 12월 14일까지 25일간으로 가결됨.
id_2009-AGENDA_3,제235회 완주군의회 제2차 정례회 회의록 서명의원으로 서남용 의원과 임귀현 의원이 선출됨.
id_2009-AGENDA_4,제월주군수 및 관계공무원 출석을 요구하여 가결됨.
id_2009-AGENDA_5,11월 21일부터 11월 29일까지 9일간 휴회가 가결됨. 제2차 본회의는 11월 30일 오전 10시에 개의.
id_2010-AGENDA_1,제283회 임시회 제1차 본회의 개의 선포.
id_2010-AGENDA_2,"주요사업현지확인특별위원회 위원장으로 이상정 위원이, 간사로는 이상정 위원이 선임됨."
id_2010-AGENDA_3,주요사업 현지확인 특별위원회 운영계획안이 가결됨.
id_2011-AGENDA_1,제135회 완주군의회 임시회 제1차 본회의 개의 선포.
id_2011-AGENDA_2,제135회 완주군의회 임시회 회기는 5월 7일부터 5월 16일까지 10일간으로 가결됨.
id_2011-AGENDA_3,2007년도 제2회 추가경정 세입세출예산안 제안 설명.
id_2011-AGENDA_4,"예산결산특별위원회위원은 송지용 의원, 박웅배 의원, 박종관 의원, 홍의환 의원, 정성모 의원, 김상식 의원, 이재만 의원, 임원규 의원, 김용찬 의원으로 구성함. 예산결산특별위원회는 2007년도"
id_2011-AGENDA_5,"2006년도세입세출결산검사위원으로 대표위원 박웅배 의원, 전직 행정공무원 이종귀, 백명언, 최재경, 서원철이 선임됨."
id_2011-AGENDA_6,5월 8일부터 5월 15일까지 8일간 휴회가 가결됨.
id_2011-AGENDA_7,제125회 완주군의회 임시회 회의록 서명의원으로 홍의환 의원과 정성모 의원이 선임됨.
id_2012-AGENDA_1,제313회 음성군의회 임시회 본회의 개의 선포.
id_2012-AGENDA_2,제313회 음성군의회 임시회 회기는 7월 16일 하루로 가결됨.
id_2012-AGENDA_3,"제313회 음성군의회 임시회 회의록 서명의원으로 안해성 의원, 서효석 의원이 선출됨."
id_2012-AGENDA_4,음성군 영주귀국 사할린 한인 주민 지원에 관한 조례 일부개정조례안은 실제 복지지원금이 현실 생활비로는 부족함에 따라 특별생계비 지원근거를 마련하여 고국에서 안정된 생활이 가능하도록
id_2012-AGENDA_5,주요사업 현지확인 결과보고의 건은 채택됨.
id_2012-AGENDA_6,"음성군 지방공무원 복무 조례 일부개정조례안은 <지방공무원 복무규정>의 개정사항을 조례에 반영하고 중복조항은 삭제하며, 음성군노동조합 단체교섭안 내용을 반영하여 직원 후생복지 증진에 도모"
id_2012-AGENDA_7,음성군 군세 감면 조례 일부개정조례안은 <장애인복지법> 개정으로 2019년 7월 1일 시행하는 장애등급제 개편사항을 반영하여 조문을 정비하고자 제정되었음. 해당 안건은 가결됨.
id_2013-AGENDA_1,제148회 음성군의회 임시회 제1차 본회의 개의 선포.
id_2013-AGENDA_2,음성군의회 제248회 임시회 회기는 9월 24일부터 9월 30일까지 7일간으로 가결됨.
id_2013-AGENDA_3,"제248회 임시회 회의록 서명의원으로는 정태완 의원, 남궁유 의원이 선출됨."
id_2013-AGENDA_4,"2013년도 제2회 세입, 세출 추가경정예산안 및 기금운용계획 변경안 제안설명."
id_2013-AGENDA_5,"예산3년도 제2회 세입, 세출 추가경정예산안 및 기금운용계획 변경안 심의를 위해 예산결산특별위원회를 구성하고자 함. 특별위원회 운영 기간은 9월 24일부터 9월 26일까지 3일간 운영됨"
id_2013-AGENDA_6,제241회 제2차 정례회 제1차 본회의인 9월 27일 하루 동안에 환경분야 현지확인 활동을 하고자 환경분야 현지확인 특별위원회를 구성하고자 함. 특별위원회 구성안은 채택됨.
id_2013-AGENDA_7,"제248회 임시회 휴회의 건은 회기 중 예산결산특별위원회를 구성하여 제2회 추가경정예산안을 심의하고 환경분야 현지확인 특별위원회를 구성, 운영하고자 하는 것으로 갈음함."
id_2014-AGENDA_1,제65회 완주군의회 정기회 제6차 본회의 개의 선포.
id_2014-AGENDA_2,"제8년도 제3회 추가경정예산안이 회기 중 제출되어 내무위원회에 회부되었고, '98년 12월 28일 홍의환 의원 외 12인으로부터 완주군 사회복지시설 운영실태에 대한 행정사무조사"
id_2014-AGENDA_3,98년도 제3회 추가경정예산안이 가결됨.
id_2014-AGENDA_4,9사무감사 결과보고서가 채택됨.
id_2014-AGENDA_5,완주군 의회 구호 채택안은 제3대 완주군의회가 출범함에 따라 군민의 대의기구로써의 위상을 정립하고 군민의 다양한 욕구를 수렴하여 군민의 기대에 부흥하기 위해 제안됨. 해당 안
id_2014-AGENDA_6,완주군 사회복지시설 운영실태에 대한 행정사무조사 발의안은 완주군에서 지원하고 있는 사회복지시설 중 일부시설에서 사회적 물의를 야기하고 있어 이에 대한 진상규명과 실태를 정확히 파악하여 운영의 적정성을
id_2014-AGENDA_7,"완주군 사회복지시설 운영실태조사 특별위원회는 이희창 의원, 안성근 의원, 소학영 의원, 함정구 의원, 이석환 의원, 홍의환 의원, 김영석 의원, 조정석 의원, 이진철 의원, 박용규 의원, 남대일"
id_2015-AGENDA_1,제117회 완주군의회 제2차 정례회 제2차 본회의 개의 선포.
id_2015-AGENDA_2,제1차 본 회의시 의결한 의사일정 중 2004년도 제2차 본회의에서 제안설명을 듣고자 하는 의사일정 변경의 건이 가결됨.
id_2015-AGENDA_3,2004년도 제2회 추가경정 세입세출예산안 제안 설명.
id_2015-AGENDA_4,2004년도공유재산관리계획변경계획승인안은 심사결과 가결됨. 완주군지역특구지정의견청취안은 심사결과 가결됨.
id_2015-AGENDA_5,"씨주산업특구의견청취안은 2005년부터 2014년도까지 추진하는 사업으로 사봉리에 25ha, 수만리에 10ha, 신월리에 5ha의 단지를 조성하고 차별화된 친환경 안전농산물로 생산하여 지역 주민들의"
id_2015-AGENDA_6,12월 16일부터 12월 20일까지 5일간 휴회가 가결됨.
id_2016-AGENDA_1,제29회 청주시의회 임시회 제1차 예산결산특별위원회 개의 선포.
id_2016-AGENDA_2,"예산결산특별위원회 위원장으로 전규식 위원이, 부위원으로 전규식 위원이 선임됨."
id_2016-AGENDA_3,"예산결산특별위원회 부위원장로는 김성택 위원이, 서제일 위원은 김성택 위원이, 최등원 위원은 김성택 위원이, 서제일 위위원은 김성택 위원이, 최등원 위원은 김성"
id_2018-AGENDA_1,제114회 완주군의회 임시회 제1차 본회의 개의 선포.
id_2018-AGENDA_2,제114회 완주군의회 임시회 회기는 9월 14일부터 9월 23일까지 10일간으로 가결됨.
id_2018-AGENDA_3,9월 21일에 군정에 관한 질문과 집행부의 답변을 통하여 군정을 정확히 파악하여 군민의 의사를 군정에 반영시키고자 군수 및 관계공무원 출석을 요구하여 가결됨.
id_2018-AGENDA_4,9월 15일부터 9월 20일까지 6일간 휴회가 가결됨. 제2차 본회의는 9월 21일 오전 10시에 개의.
id_2018-AGENDA_5,제114회 완주군의회 임시회 회의록 서명의원으로 박웅배 의원과 김순길 의원이 선임됨.
id_2020-AGENDA_1,제236회 완주군의회 임시회 제1차 본회의 개의 선포.
id_2020-AGENDA_2,제236회 완주군의회 임시회 회기는 12월 26일부터 12월 28일까지 3일간으로 가결됨.
id_2020-AGENDA_3,제236회 완주군의회 임시회 회의록 서명의원으로 윤수봉 의원과 유의식 의원이 선출됨.
id_2020-AGENDA_4,완주군 민간위탁기관 전반에 관한 행정사무조사특별위원회 중간보고 및 활동기간 연장의 건은 채택됨.
id_2020-AGENDA_5,"완주군 폐기물 매립장에 관한 행정사무조사 발의안은 주민 의견 수렴 여부 및 시설 용량과 폐기물 매립량의 적정성 등 문제점 및 실태를 파악하고자 제정되었으며, 해당 안건은 가결됨."
id_2020-AGENDA_6,완주군 민간위탁기관 전반에 관한 행정사무조사특별위원회 위원 구성 변경 및 사임의 건은 서남용 의원 외 4명의 의원으로 구성됨. 특별위원회는 현재 활동 중인 완주군 민간위탁기관 전반에
id_2020-AGENDA_7,"완주군 폐기물 매립장에 관한 행정사무조사특별위원회 위원으로 서남용 위원, 임귀현 위원, 김재천 위원, 이인숙 위원, 소완섭 위원, 이상 다섯이 선임됨."
id_2020-AGENDA_8,12월 27일 하루 본회의 휴회가 가결됨. 제2차 본회의는 12월 28일 오전 10시에 개의.
id_2021-AGENDA_1,제291회 음성군의회 임시회 제1차 본회의 개의 선포.
id_2021-AGENDA_2,제291회 음성군의회 임시회 회기는 7월 13일 하루로 가결됨.
id_2021-AGENDA_3,"제291회 임시회 회의록 서명의원으로 이상정 의원, 조천희 부의장이 선출됨."
id_2021-AGENDA_4,음성군 여성친화도시 조성에 관한 기본 조례안은 지역정책 발전과정에 양성이 평등하게 참여하고 여성이 지역 전반에 능동적으로 참여할 수 있도록 보장하고자 제정됨. 해당 안건은 가결됨.
id_2021-AGENDA_5,음성군 안전관리민관협력위원회 구성 및 운영 조례안은 <재난 및 안전관리 기본법>에 따라 재난 및 안전관리에 관한 민관협력관계를 원활히 하기 위하여 음성군 안전관리민관협력위원회 구성
id_2021-AGENDA_6,음성군 노인복지관 설치 및 운영 조례 일부개정조례안은 <사회복지사업법 시행규칙> 개정으로 사회복지시설 위탁기간이 5년으로 확대됨에 따라 상위법령 개정사항을 반영하고자 제정되었음. 해당 안
id_2021-AGENDA_7,음성군 관광진흥 조례 일부개정조례안은 <관광진흥법 시행령>의 개정에 따라 도시지역의 경우 조례로 정하는 30% 이하의 비율만큼 휴양콘도미니엄의 미취사 객실을 허용하도록 휴양콘
id_2021-AGENDA_8,2017년도 수시분 공유재산 관리계획안 제안 설명.
id_2023-AGENDA_1,제160회 완주군의회 임시회 제1차 본회의 개의 선포.
id_2023-AGENDA_2,제160회 완주군의회 임시회 회기는 4월 6일부터 4월 8일까지 3일간으로 가결됨.
id_2023-AGENDA_3,"2009회계연도 세입 세출 결산검사위원으로 대표위원 이재만 의원, 전직 행정공무원 최재경, 최산천, 서원철, 노한 순으로 선임됨."
id_2023-AGENDA_4,4월 7일 1일간 휴회가 가결됨. 제2차 본 회의는 4월 8일 오전 10시에 개의.
id_2023-AGENDA_5,제160회 완주군의회 임시회 회의록 서명의원으로 박웅배 의원과 박종관 의원이 선임됨.
id_2024-AGENDA_1,제105회 음성군의회 임시회 제1차 본회의 개의 선포.
id_2024-AGENDA_2,제105회 음성군의회 임시회 회기는 4월 10일부터 4월 13일까지 4일간으로 가결됨.
id_2024-AGENDA_3,"제105회 임시회 회의록 서명의원으로 진의장 의원, 김천봉 의원이 선출됨."
id_2024-AGENDA_4,"음성군공인조례개정조례안은 사무관리 규정에 따른 전자 이미지 공인 등록, 관리규정 신설 등 현실에 맞게 공인 조례를 정비하여 공인을 효율적으로 관리하고자 제정되었음. 해당 안건은 가결됨"
id_2024-AGENDA_5,2000년도 이월 및 계속비 사업 현지확인 특별위원회 구성결의안은 2000년도 예산 편성된 사업으로 완공이 되지 않고 이월된 사업과 연차적인 계속비 사업에 대하여 직접 현장을 방문하여 사업 추진상의 문제점을
id_2024-AGENDA_6,선진 시군 비교견학 결과보고서를 채택함.
id_2024-AGENDA_7,제105회 임시회 휴회의 건은 회기 중 2000년도 이월 및 계속비 사업 현지 확인 활동을 하는 의사일정으로 갈음함.
id_2025-AGENDA_1,제61회 음성군의회 정기회 제1차 본회의 개의 선포.
id_2025-AGENDA_2,제61회 음성군의회 정기회의 회기는 11월 25일부터 12월 24일까지 30일간으로 가결됨.
id_2025-AGENDA_3,제7대 음성군의회 제1차 정례회 회의록 서명의원으로 김천봉 의원과 최관식 의원이 선출됨.
id_2025-AGENDA_4,"행정사무감사 특별위원회는 최관식 의원, 김우식 의원, 이덕우 의원, 박희남 의원, 권영득 의원, 홍재선 의원, 김천봉 의원으로 구성함. 특별위원회는 12월 26일 행정사무감사 계획서 작성과 11월"
id_2025-AGENDA_5,"예산결산 특별위원회는 최관식 의원, 김우식 의원, 이덕우 의원, 강대식 의원, 박희남 의원, 권영득 의원, 홍재선 의원, 김천봉 의원으로 구성함. 특별위원회는 본 정기회 기간 중 의사"
id_2025-AGENDA_6,제61회 음성군의회 정기회 휴회의 건은 행정사무감사 특별위원회 활동을 하는 의사일정으로 갈음함. 제2차 본회의는 제2차 본회의는 11월 27일 오전 10시에 개의.
id_2026-AGENDA_1,제218회 음성군의회 임시회 제1차 본회의 개의 선포.
id_2026-AGENDA_2,음성군의회 제218회 임시회 회기는 10월 5일부터 10월 8일까지 4일간으로 가결됨.
id_2026-AGENDA_3,"제218회 임시회 회의록 서명의원으로 조천희 의원, 손달섭 의원이 선출됨."
id_2026-AGENDA_4,우수 시군 비교견학 특별위원회는 제2차 본회의를 맞이하여 타 자치단체의 시설을 비교견학하고 우수시책을 발굴하여 음성군 현안 사업에 반영하고자 제안됨. 해당 안건은 가결됨.
id_2026-AGENDA_5,제218회 임시회 휴회의 건은 회기 중 우수 시군을 비교견학의 일정으로 갈음함.
id_2027-AGENDA_1,제102회 음성군의회 제2차 정례회 제1차 본회의 개의 선포.
id_2027-AGENDA_2,제102회 음성군의회 제2차 정례회 회기는 12월 1일부터 12월 25일까지 25일간으로 가결됨.
id_2027-AGENDA_3,제102회 제2차 정례회 회의록 서명의원으로 고재협 의원과 김성채 의원이 선출됨.
id_2027-AGENDA_4,"행정사무감사특별위원회위원은 최관식 의원, 남궁유 의원, 김우식 의원, 고재협 의원, 김성채 의원, 진의장 의원, 이준구 의원, 김천봉 의원으로 구성함. 특별위원회는 12월 2일 행정사무감사"
id_2027-AGENDA_5,"예산결산특별위원회위원은 최관식 의원, 남궁유 의원, 김우식 의원, 고재협 의원, 김성채 의원, 진의장 의원, 이준구 의원, 김천봉 의원으로 구성함. 특별위원회는 제2차 정례회 기간 중"
id_2027-AGENDA_6,농가부채 해결을 위한 건의안은 농업인들의 농가부채로 인한 연쇄도산의 위기에 처해 있는 등 농업인들에게 최소한의 희망을 주기 위한 농가부채 해결을 위한 특단의 조치를 강구해 줄 것을 건의하고자 발의됨. 해당 안건은 채택
id_2027-AGENDA_7,제102회 음성군의회 제2차 정례회 휴회의 건은 행정사무감사 특별위원회 활동을 하는 의사일정으로 갈음함.
id_2028-AGENDA_1,제263회 제2차 정례회 제2차 본회의 개의 선포.
id_2028-AGENDA_2,음성군 장애인복지관 설치 및 운영 조례안은 음성군 장애인의 지역사회 생활에 필요한 종합적인 재활서비스 제공사업과 장애인 복지증진을 위하여 <장애인복지법>에 따라 설치한 장애인복지관의 운영에 관한 사항을 규정하고자 제정
id_2028-AGENDA_3,음성군 수입증지 조례 전부개정조례안은 국민권익위원회의 공공기관의 수입증지 등 각종 수수료 납부제도 개선 권고와 행정자치부의 민원 수수료의 종이수입증지 사용 폐지 방안이 시달됨에 따라서 종이수입
id_2028-AGENDA_4,"음성군 식품진흥기금 운용 조례 일부개정조례안은 법령용어를 순화하여 정비하고, 조례에 명기된 직능단체 명칭의 변경된 사항을 반영하는 한편 식품진흥기금심의위원회의 심의로 확정된 운용"
id_2028-AGENDA_5,12월 8일부터 12월 15일까지 휴회가 가결됨. 3차 본회의는 12월 16일 오전 10시에 개의.
id_2029-AGENDA_1,제243회 완주군의회 임시회 제1차 본회의 개의 선포.
id_2029-AGENDA_2,제243회 완주군의회 임시회 회기는 7월 16일부터 7월 25일까지 10일간으로 가결됨.
id_2029-AGENDA_3,제243회 완주군의회 임시회 회의록 서명의원으로 이인숙 의원과 소완섭 의원이 선출됨.
id_2029-AGENDA_4,제243회 완주군의회 임시회 기간 중 실시되는 군정질문에 대한 집행부 측의 책임있는 답변을 듣고자 7월 17일 제2차 본회의에 완주군수 등 관계 공무원의 출석을 요구하여 가결됨
id_2031-AGENDA_1,제204회 음성군의회 제1차 정례회 제1차 본회의 개의 선포.
id_2031-AGENDA_2,제204회 음성군의회 제1차 정례회 회기는 6월 22일부터 6월 30일까지 9일간으로 가결됨.
id_2031-AGENDA_3,"제204회 제1차 정례회 회의록 서명의원으로 반광홍 의원, 이한철 의원이 선출됨."
id_2031-AGENDA_4,"예산결산특별위원회위원은 반광홍 의원, 이한철 의원, 정태완 의원, 윤병승 의원, 정지태 의원, 윤창규 의원, 최임순 의원으로 구성함. 특별위원회는 6월 24일 하루 동안 6월 24일 하루 동안 운영"
id_2031-AGENDA_5,이월사업 현지확인 특별위원회 결과보고서가 채택됨.
id_2031-AGENDA_6,6월 23일부터 6월 24일까지 2일 동안 군정에 관한 질문 답변을 듣고자 군수 및 관계 공무원의 출석을 요구하여 가결됨.
id_2031-AGENDA_7,음성군 농공단지관리 및 조성사업자금관리 특별회계 설치 및 운영 조례 일부개정조례안은 음성군 농공단지관리 및 조성사업자금관리 특별회계 설치 및 운영 조례의 세출관련 규정을 확대하여
id_2031-AGENDA_8,"음성군 도시계획세 부과지역 변경승인안은 <국토의 계획 및 이용에 관한 법률>에 의하여 도시계획구역으로 결정되어 지형도면이 고시된 지역 내 토지와 건축물, 주택에 대하여 의회의"
id_2031-AGENDA_9,"감유재산 사용수익허가에 따른 사용료의 면제심의안은 <공유재산 및 물품관리법>의 제24조제1항4호 및 동법시행령 제17조제4항제4호, 제13"
id_2032-AGENDA_1,제177회 음성군의회 임시회 제1차 본회의 개의 선포.
id_2032-AGENDA_2,제177회 음성군의회 임시회 회기는 2월 12일까지 7일간으로 가결됨.
id_2032-AGENDA_3,제177회 음성군의회 임시회 회의록 서명의원으로 이한철 부의장과 반광홍 의원이 선출됨.
id_2032-AGENDA_4,"200복지시설 보조사업 현지확인 특별위원회 구성 결의안은 타 시군보다 사회복지시설이 많고 대형화되어 있어, 시설건립비 보조와 운영비 지원에 많은 예산이 투입되어 재정압박을 초래하여 상대적으로 전체 주민들을 위한"
id_2032-AGENDA_5,"음성군 기업 및 투자유치 촉진조례안은 국가균형발전특별법 및 외국인투자유치촉진법에서 위임된 사항의 시행과 활발한 기업 투자를 촉진될 수 있도록 지원근거를 마련하기 위하여 제정하였으며, 해당"
id_2032-AGENDA_6,음성군 촉탁의료인 보수지급조례 폐지조례안은 상위법령인 의료법 제65조의 규정인 의료촉탁 조항이 2002년 1월 10일 삭제됨에 따라 본 군에서도 동 관련 조례를 폐지하고자 제정
id_2033-AGENDA_1,제112회 제2차 정례회 제5차 본회의 개의 선포.
id_2033-AGENDA_2,"2002년도 세입, 세출예산승인 심사결과 보고. 해당 안건은 가결됨."
id_2033-AGENDA_3,2002년도 기금운용계획승인안은 심사결과 가결됨.
id_2033-AGENDA_4,"음성군 인터넷시스템 설치 및 운영 조례안은 정보화시대를 맞이하여 양질의 인터넷 서비스 제공을 위한 기반을 조성하고, 인터넷 시스템의 종합적이고 체계적인 운영을 위해, 이와 관련된 제반사항을 규정하는 제도적 근거 마련하기"
id_2033-AGENDA_5,"음성군 정기시장관리및사용조례중개정조례안은 임시시장의 개설방법과 시설 기준 및 관리 운영에 관한 조항을 신설하여 임시시장 내에서 품질 미표시, 상표 위조 및 가격 미표시 행위 등을"
id_2033-AGENDA_6,음성군 준농림지역내식품접객업소설치에관한조례안은 준농림지역의 수질오염 및 경관 훼손의 우려가 없는 지역에 대하여 식품접객업소 설치를 허용하기 위해 제정되었음.
id_2033-AGENDA_7,감곡도시계획재정비안은 도시계획법 제22조 제5항 및 동법 시행령 제22조 제7항 규정에 의거해 감곡 도시계획재정비안의 변경결정을 위해 지방의회 의견 청취함. 해당
id_2033-AGENDA_8,제112회 제2차 정례회 휴회의 건은 회기 중 예산결산 특별위원회 활동을 하는 의사일정으로 갈음함.
id_2034-AGENDA_1,제성군의회 제229회 임시회 제1차 본회의 개의 선포.
id_2034-AGENDA_2,음성군의회 제229회 임시회 회기는 11월 10일부터 11월 17일까지 8일간으로 가결됨.
id_2034-AGENDA_3,제229회 임시회 회의록 서명의원으로 이대웅 의원과 김순옥 의원이 선출됨.
id_2034-AGENDA_4,11월 11일부터 15일까지 군정에 관한 질문과 답변을 듣고자 음성군수 및 관계공무원의 출석을 요구하여 가결됨.
id_2034-AGENDA_5,2012년도 공유재산 관리계획안은 음성군 공유재산심의회 심의를 거친 대소 생활체육공원 조성사업 부지매입을 위한 공유재산 취득 계획과 관련하여 음성군의회의 의결을 받고자 제정함. 해당 안건은
id_2035-AGENDA_1,제101회 음성군의회 임시회 제4차 본회의 개의 선포.
id_2035-AGENDA_2,음성군 특화작목가공시설 위탁운영 조례안은 음성군의 특화 작목인 청결고추 등 농산물을 이용한 가공 제품 생산으로 부가 가치와 지역 이미지를 높이기 위하여 설치한 특화 작목 가공시설에
id_2035-AGENDA_3,선진 시군 비교견학 계획안은 관내 시설의 문제점 해결을 위해 선진 시군 비교견학을 실시하고자 발의함. 해당 안건은 가결됨.
id_2035-AGENDA_4,제101회 임시회 휴회는 선진 시군 비교견학 의사일정으로 갈음함.
id_2036-AGENDA_1,제332회 음성군의회 임시회 제1차 본회의 개의 선포.
id_2036-AGENDA_2,제332회 음성군의회 임시회 회기는 2월 18일부터 2월 25일까지 8일간으로 가결됨.
id_2036-AGENDA_3,"제332회 음성군의회 임시회 회의록 서명의원으로 김영호 의원, 김영섭 의원이 선출됨."
id_2036-AGENDA_4,"2020회계연도 결산검사위원은 대표위원으로 조천희 의원, 위원으로 김영일 강동대 교수, 청석세무회계사무소 김종태 회계사, 한동희 전 행정복지국장, 조남설 전 소이면"
id_2036-AGENDA_5,음성군 학교급식 지원에 관한 조례 일부개정조례안은 조문 수정을 통한 조례의 명확화와 학교급식심의위원회 위원의 범위를 명료화하기 위하여 필요한 사항을 개정하고자 제정되었음. 해당 안건은 가결
id_2036-AGENDA_6,음성군 재정안정화기금 설치 및 운용 조례 전부개정조례안은 <지방재정법>과 <지방치단체 기금관리기본법>의 개정에 따라 현행 재정안정화기금을 통합재정안정화기금으로 변경
id_2036-AGENDA_7,"음성군 이장자녀 장학금 지급 조례 전부개정조례안은 고교무상교육 전면 실시에 따라 정액 지급으로 변경하고, 국민권익위원회의 이ᆞ통장 자녀장학금 제도 운영의 공정성 제고"
id_2036-AGENDA_8,음성군 청소년육성기금 설치 및 운용 조례 일부개정조례안은 <음성군 행정기구 설치 조례 시행규칙>의 개정에 따라 사회복지과 청소년팀이 평생학습과 청소년팀으로 조직개편됨에 따라 관련 조례 일부를
id_2036-AGENDA_9,음성군 골목형상점가 지정에 관한 조례안은 <전통시장 및 상점가 육성을 위한 특별법>의 일부개정에 따라 골목형상점가 지정기준을 마련하여 소상공인의 경쟁력 강화와 골목상
id_2036-AGENDA_10,"음성군 지역건설산업 활성화 지원 조례 일부개정조례안은 지역건설산업 활성화 및 지역경제의 발전을 도모하고, 지역건설 산업체에 관내 건설산업 참여를 적극 유도하기 위하여 참여 권장비율을 명시하고자 제정되었음. 해당"
id_2036-AGENDA_11,음성군 간접흡연 피해방지에 관한 조례 일부개정조례안은 금연구역의 지정 등에 관한 사항을 재정비 규정함으로써 간접흡연으로 인한 피해방지와 금연환경 조성으로 군민의 건강증진에 기여하고자 제정
id_2036-AGENDA_12,"슬레이트 처리 지원사업 민간위탁 동의안은 슬레이트 건축물의 노후화에 따른 피해로부터 주민의 건강을 보호하고, 주거환경을 개선하기 위한 동 사업의 민간위탁을 추진함에 있어 안전성, 전문성, 효율성을 증대하고자"
id_2036-AGENDA_13,일반농산어촌개발사업 중간지원조직 설치 및 음성군 도시재생지원센터 통합운영 동의안은 <음성군 마을만들기사업 지원 및 중간지원조직 설치 및 운영에 관한 조례>제15조와 일반농산
id_2036-AGENDA_14,2021년도 군정 주요업무 보고의 건은 원활한 회의 진행을 위하여 2020년도 주요 성과는 유인물로 갈음함.
id_2036-AGENDA_15,기획21년도 주요업무계획 보고.
id_2036-AGENDA_16,주민행정과 2021년도 주요업무 보고.
id_2037-AGENDA_1,제118회 음성군의회 임시회 개의 선포.
id_2037-AGENDA_2,"완장 선거는 총 8표 중에서 윤병승 의원 8표, 무효 1표로 윤창규 의원 당선. 부의장의 선거는 총 8표 중에서 윤창규 의원 7표, 무효 1표로 윤창규"
id_2037-AGENDA_3,제118회 음성군의회 임시회 회기는 7월 10일 1일 1일로 가결됨.
id_2037-AGENDA_4,제118회 임시회 회의록 서명의원으로 이한철 의원과 윤병승 의원이 선출됨.
id_2038-AGENDA_1,제327회 음성군의회 임시회 제4차 본회의 개의 선포.
id_2038-AGENDA_2,"2020년도 주요 현안사업 보고의 건은 건설교통과, 도시과, 건축과, 농업기술센터, 수도사업소, 시설관리사업소 순으로 보고 진행함."
id_2038-AGENDA_3,대~대소 간 4차선 확포장사업 2단계 사업이 현재 용역 중인 삼성에서 진행 중인 사업이라고 함. 해당 사업은 사업비 반납 상황이 되어 사업을 진행하지 말고 진행과정이 지난해 진행과정이 맞지 않도록 서
id_2038-AGENDA_4,대과 소관 주요 현안사업 추진상황 보고.
id_2038-AGENDA_5,20과 소관 주요 현안사업에 대하여 보고.
id_2038-AGENDA_6,농20년도 군정 주요 현안사업 보고.
id_2038-AGENDA_7,수사업소 2020년 군정 주요 현안사업 보고.
id_2038-AGENDA_8,시설내 체육회관의 경우 체육회 사무국에서도 체육회 사무국에서도 체육회 사무국에서도 체육회에서도 체육회에서도 체육회에서도 체육회에서도 체육회에서도 체육회에서도 체육회에서도 체육회에서도 체육회
id_2039-AGENDA_1,제333회 음성군의회 임시회 제2차 본회의 개의 선포.
id_2039-AGENDA_2,음성군 공직자 윤리위원회 구성과 운영에 관한 조례 일부개정조례안은 상위법인 <공직자윤리법>의 개정에 따라 우리 군 조례 중 공직자 윤리위원회 위원의 정원 규정을 개정하고자 제정되었음. 해당
id_2039-AGENDA_3,"음성군 공유재산 관리 조례 일부개정조례안은 <공유재산 및 물품 관리법 시행령>의 개정사항을 반영하여 대부료 등의 분할납부 횟수를 확대하고, 납부 유예 규정을 삭제하고자 제정되었음. 해당 안"
id_2039-AGENDA_4,음성군 자연휴양림 운영 관리 조례 일부개정조례안은 음성군 자연휴양림의 1인당 객실면적이 인근 지자체에 비해 작아서 객실별 기준인원수를 조정하여 안전하고 쾌적하게 휴
id_2039-AGENDA_5,음성군 장애인복지관 민간위탁 추진계획안은 음성군 장애인복지관 위탁기간이 금년도 7월 4일로 만료됨에 따라 장애인복지 증진에 위하여 공개모집을 통한 전문지식과 경험을 갖춘 수탁기관을 선정
id_2039-AGENDA_6,"2021년도 제1회 세입, 세출 추가경정예산안 승인의 건은 가결됨. 2021년도 기금운용계획 변경안 승인의 건은 가결됨."
id_2040-AGENDA_1,제54회 청주시의회(2020년도제1차정례회) 제2차 본회의 개의 선포.
id_2040-AGENDA_2,"제당 이현주 의원은 하반기 의장단 선출에 앞서 청주시의회의 투명 의원에 대해 발언함. 청주시의회 39명의 의원과 세 개의 정당이 의장직을 수행함. 의장 선거는 총 10표 중에서 서제일 의원 10표,"
id_2040-AGENDA_3,"제2대 청주시의회 후반기 의장 선거는 총 39표 중에서 서제일 의원 39표, 무효 4표로 서제일 의원 당선."
id_2040-AGENDA_4,"제2대 청주시의회 후반기 부의장 선거는 총 투표수 39표 중에서 박정희 의원 28표, 전규식 의원 5표, 유영경 의원 1표, 이완복 의원 1표, 이현주 의원, 박노"
id_2040-AGENDA_5,6월 26일부터 6월 28일까지 3일간 휴회가 가결됨.
id_2041-AGENDA_1,제190회 음성군의회 임시회 제1차 본회의 개의 선포.
id_2041-AGENDA_2,제190회 음성군의회 임시회 회기는 4월 23일 하루로 가결됨.
id_2041-AGENDA_3,"제190회 음성군의회 임시회 회의록 서명의원으로 윤창규 의원, 최임순 의원이 선출됨."
id_2041-AGENDA_4,충북 음성 음성 진천 혁신도시의 성공을 위한 건의문은 채택됨.
id_2041-AGENDA_5,행정간 규제완화 정책 반대를 위한 건의문은 채택됨.
id_2041-AGENDA_6,농업기술의 산실 농촌진흥청 폐지 반대를 위한 건의문은 채택됨.
id_2042-AGENDA_1,제127회 음성군의회 임시회 제1차 본회의 개의 선포.
id_2042-AGENDA_2,제127회 음성군의회 임시회 회기는 4월 22일부터 4월 25일까지 4일간으로 가결됨.
id_2042-AGENDA_3,제127회 임시회 회의록 서명의원으로 반광홍 의원과 안병일 의원이 선출됨.
id_2042-AGENDA_4,음성군 제증명 등 수수료 징수 조례 중 개정 조례안은 인감증명업무 전산화 및 업무 전산화 차원에서 인감증명법이 개정됨에 따라 현행 제도의 운영상 일부 미비점을 보완하기 위해
id_2042-AGENDA_5,"음성군 인감업무 담당공무원 보험, 공제 등의가입 조례안은 인감증명의 전국온라인 발급에 따라 인감업무담당공무원의 인감사고로 인한 피해상황에 대비하기 위해 보험 및 공제가"
id_2042-AGENDA_6,"2003년도공유재산관리계획변경계획안은 지방재정법 제78조의 규정에 의거하여 재산의 취득, 처분에 대한 자문을 구하기 위하여 음성군공유재산심의회 심의를 거친 장애인복지관"
id_2042-AGENDA_7,관내주요시설 및 현장방문 결과보고의 건은 채택됨.
id_2042-AGENDA_8,선진 시군 비교견학 계획안은 타시군 비교견학을 통하여 관내 현안사업에 대한 자료를 비교 분석하여 주민의 기대 및 예상되는 지역현안문제에 대처하고 주민자치센터기능 전환사례를 분석하여 지역에 접목시켜 발전
id_2042-AGENDA_9,제127회 임시회 휴회의 건은 회기 중 타시군을 비교견학하는 의사일정으로 갈음함.
id_2043-AGENDA_1,제126회 완주군의회 임시회 제2차 본회의 개의 선포.
id_2043-AGENDA_2,완주군세감면조례 일부개정조례안과 완주군 부동산 투기지역 지정 철회 건의안이 제2차 본 회의에서 제안설명을 듣고 동 안건을 처리하기 위하여 의사일정 변경 건이 가결됨.
id_2043-AGENDA_3,"완주군세감면조례 일부개정조례안은 지방세 감면관련 개별법 자동차관리법, 임대주택법, 지방세법 개정에 따라 관련조문을 정비하고 감면규정을 명확히 하여 과세의 공평을 기하고자"
id_2043-AGENDA_4,완주군 부동산 투기지역 지정 철회 건의안은 정부당국에서 일방적으로 완주군을 부동산 투기지역으로 지정한 것에 대하여 반발하여 철회되었음. 해당 안건은 가결됨.
id_2045-AGENDA_1,제127회 제2차 정례회 제7차 본회의 개의 선포.
id_2045-AGENDA_2,"음성군사무의읍, 면위임조례중개정조례안은 제5차 본회의에서 보류된 조례안으로 제안설명 및 검토보고는 생략하고 배부하여 가결됨."
id_2045-AGENDA_3,"2004년도 세입, 세출예산승인안은 심사결과 가결됨."
id_2045-AGENDA_4,2004년도 기금운용계획승인안은 심사결과 가결됨.
id_2045-AGENDA_5,제127회 제2차 정례회 휴회의 건은 회기 중 예산결산특별위원회 활동을 하는 의사일정으로 진행됨.
id_2046-AGENDA_1,제175회 완주군의회 임시회 제1차 본회의 개의 선포.
id_2046-AGENDA_2,제175회 완주군의회 임시회 회기는 11월 1일부터 11월 4일까지 4일간으로 가결됨.
id_2046-AGENDA_3,제175회 완주군의회 임시회 회의록 서명의원으로 조정석 부의장과 송지용 의원이 선출됨.
id_2046-AGENDA_4,완사무감사 특별위원회는 의장을 제외한 9인의 위원으로 구성함. 활동 기간은 2011년 11월 29일부터 12월 7일까지 9일간으로 함. 특별위원회 구성위원은 의장을 제외한 9인의 위원으로 구성함. 활동위원은 2011년
id_2046-AGENDA_5,"한미 FTA 독소조항 해결과 피해대책 없는 비준 반대 결의안은 지난 10월 12일 한·미 자유무역협정 이행법안이 미국 의회를 최종 통과함에 따라, 정부와 한나라당은 이번 기회에 한ᆞ미 자유무역협정 이행법"
id_2046-AGENDA_6,11월 2일부터 11월 3일까지 2일간 휴회가 가결됨. 제2차 본회의는 11월 4일 오전 10시에 개의.
id_2047-AGENDA_1,제191회 음성군의회 임시회 제1차 본회의 개의 선포.
id_2047-AGENDA_2,제191회 음성군의회 임시회 회기는 5월 22일부터 5월 27일까지 6일간으로 가결됨.
id_2047-AGENDA_3,제191회 음성군의회 임시회 회의록 서명의원으로 이한철 부의장과 반광홍 의원이 선출됨.
id_2047-AGENDA_4,급수시설 현지확인 특별위원회 결과보고서가 채택됨.
id_2047-AGENDA_5,이월사업 현지확인 특별위원회 구성결의안은 2007년도 이월 및 계속비 사업 중 사업규모가 큰 주요사업을 대상으로 현장을 방문 확인 점검하여 사업추진상 도출된 제반 문제점에 대해 합리적인 대책을 연구하고 정확한
id_2047-AGENDA_6,"2007년도 세입, 세출 결산검사위원은 대표위원으로 정지태 의원, 위원으로 이재춘 의원, 남기홍 세무사, 음성군 주요 계장을 역임한 박상윤, 전 산림조합과장으로 홍기태가 선임됨"
id_2047-AGENDA_7,음성군 저소득주민자녀장학금 지급조례 일부개정조례안은 현행 조례 운영상 나타난 미비점을 보완하고 장학금 지급액을 상향 조정하고자 제정되었음. 해당 안건은 가결됨. 음성군
id_2047-AGENDA_8,음성군 여비조례 일부개정조례안은 국내여비의 실비정산제도의 비효율성으로 말미암아 국내여행의 경우 운임과 숙박비에 대한 지급기준을 정하기 위해 제안됨. 해당 안
id_2047-AGENDA_9,음성군 하수도 사용조례 전부개정조례안은 <오수 및 분뇨 및 축산폐수의 처리에 관한 법률> 중 오수 및 분뇨에 관하여 <하수도법> 중 오수 및 분뇨
id_2047-AGENDA_10,"200유재산 관리계획 변경계획안은 친환경 축산관리실 설치에 따른 공유재산 취득, 두 번째 삼성 체육공원 조성에 따른 공유재산 취득을 위해 제정되었음. 해당 안건은 가결됨."
id_2047-AGENDA_11,제191회 임시회 휴회의 건은 회기 중 이월사업 현지확인 특별위원회를 구성하여 활동하는 의사일정으로 갈음함.
id_2049-AGENDA_1,제236회 음성군의회 임시회 개의 선포.
id_2049-AGENDA_2,"제장 선거는 총 8표 중에서 서제일 의원 8표, 무효 1표로 서제일 의원 당선. 부의장 선거는 총 8표 중에서 서제일 의원 7표, 무효 1표로 서제일 의원 7표,"
id_2049-AGENDA_3,제236회 음성군의회 임시회 회기는 7월 6일 하루로 가결됨.
id_2049-AGENDA_4,제236회 음성군의회 임시회 회의록 서명의원으로 이대웅 의원과 김순옥 의원이 선출됨.
id_2051-AGENDA_1,제51회 청주시의회(임시회) 제2차 본회의 개의 선포.
id_2051-AGENDA_2,복지교육위원회 김은숙 의원은 청주시가 코로나19 대응에 전념할 수 있도록 행정사무감사 때 심사하고 있는 제1회 추가경정 예산안에는 코로나19로 침체된 지역경제를 활성화하기 위해 심사
id_2051-AGENDA_3,2020년 제1회 추가경정 예산안은 심사결과 가결됨.
id_2052-AGENDA_1,제200회 완주군의회 임시회 제1차 본회의 개의 선포.
id_2052-AGENDA_2,제200회 완주군의회 임시회 회기는 10월 27일부터 10월 31일까지 5일간으로 가결됨.
id_2052-AGENDA_3,제200회 완주군의회 임시회 회의록 서명의원으로 김용찬 의원과 서남용 의원이 선출됨.
id_2052-AGENDA_4,행정사무감사 특별위원회는 의장을 제외한 9인의 위원으로 구성함. 특별위원회는 2014년 11월 28일부터 12월 5일까지 8일간 운영됨. 특별위원회는 의장을 제외한 9인의 위원으로 구성함. 특별위원회는 의장을 제외한 9
id_2052-AGENDA_5,10월 28일부터 10월 30일까지 3일간 휴회가 가결됨. 제2차 본회의는 10월 31일 오전 10시에 개의.
id_2054-AGENDA_1,제226회 완주군의회 제2차 정례회 제4차 본회의 개의 선포.
id_2054-AGENDA_2,슬주군 사무의 민간위탁 관리에 관한 조례 제4조 및 완주군 공공하수처리시설 위탁 관리 운영에 관한 조례 제3조 규정에 따라 의회의 동의를 구하기 위해 제정되었음. 해당 안건은 가결
id_2054-AGENDA_3,2017년도 제2회 추가경정 예산안은 심사결과 가결됨. 2018년도 예산안은 심사결과 가결됨.
id_2054-AGENDA_4,201226회 완주군의회 제2차 정례회 기간 중 자치행정위원회에서 심사한 2018년도 기금운용계획안은 심사결과 가결됨.
id_2054-AGENDA_5,2017년도 행정사무감사 결과보고서가 채택됨.
id_2054-AGENDA_6,농민의 권리와 농업의 가치 반영을 위한 헌법개정 특별위원회 구성과 전국 동시 지방선거일인 내년 6월 13일에 국민 투표를 통해 헌법 개정을 진행하고자 발의됨. 해당 안건은 가결됨.
id_2054-AGENDA_7,완주군의회 부의장의 사임.
id_2055-AGENDA_1,음성군의회 제245회 임시회 제1차 본회의 개의 선포.
id_2055-AGENDA_2,음성군의회 제245회 임시회 회기는 2013년 5월 31일 하루로 가결됨.
id_2055-AGENDA_3,"제265회 임시회 회의록 서명의원으로 남궁유 의원, 조천희 의원이 선출됨."
id_2055-AGENDA_4,음성군 청소년 문화의 집 관리 운영 조례 일부개정조례안은 청소년들에게 문화체험 기회 확대 및 건전한 청소년 육성을 위한 금왕 청소년문화의 집 건립 공사가 마무리 단계로 시설 운영에 앞서 조례를 개정하고자 제정되었음
id_2055-AGENDA_5,음성군 지방공무원 정원 조례 일부개정조례안은 2013년 총액인건비 기준 증원에 따른 정원의 증원과 기능직의 일반직 전환에 따라 <지방자치단체의 행정기구와 정원기준에 관한 규정>에
id_2055-AGENDA_6,음성군 복지회관 설치 및 운영조례 폐지조례안은 음성군 복지회관을 철거함에 따라 <음성군 복지회관 설치 및 운영조례>를 폐지하고자 제정되었음. 해당 안건은 가결됨
id_2055-AGENDA_7,"음성군 농기계 임대사업 운영 조례 일부개정조례안은 <지방재정법>제63조, <지방재정법 시행령>제76조의 규정에 따라 본 조례에 사용료 납부 방법에 대한 불명확"
id_2055-AGENDA_8,음성군 관리계획 결정(변경)에 따른 의회 의견 제시의 건은 채택됨.
id_2058-AGENDA_1,제254회 완주군의회 임시회 제1차 본회의 개의 선포. 금번 임시회는 이인숙 의원 외 4인으로부터 집회요구가 있어 집회함.
id_2058-AGENDA_2,제254회 완주군의회 임시회 회기는 9월 2일부터 9월 11일까지 10일간으로 가결됨.
id_2058-AGENDA_3,제254회 완주군의회 임시회 회의록 서명의원으로 서남용 의원과 최찬영 의원이 선출됨.
id_2058-AGENDA_4,완주군 폐기물 매립장에 관한 행정사무조사특별위원회에서 본 의원이 사임. 최등원 의원을 보임.
id_2058-AGENDA_5,9월 3일부터 9월 10일까지 8일간 휴회가 가결됨. 제2차 본회의는 9월 11일 오전 10시에 개의.
id_2059-AGENDA_1,제133회 음성군의회 임시회 제1차 본회의 개의 선포.
id_2059-AGENDA_2,제133회 음성군의회 임시회 회기는 9월 16일 하루로 가결됨.
id_2059-AGENDA_3,제133회 임시회 회의록 서명의원으로 정지태 의원과 이한철 의원이 선출됨.
id_2059-AGENDA_4,음성군 오수 및 축산 폐수의 처리에 관한 조례 중 개정조례안은 상위법의 폐지 및 제정됨에 따라 오수 및 분뇨및 축산폐수의 처리에관한법률에서 조례로 위임된 관련
id_2059-AGENDA_5,음성군 제2건국국민추진위원회 조례 폐지 조례안은 제2의 건국 이념을 바탕으로 하는 제2건국국민추진위원회의 활동을 2003년 8월 31일로 종료하기 위해 제정되었음. 해당 안건은 가결됨.
id_2059-AGENDA_6,"2003년도공유재산관리계획변경계획안은 삼성면 선정리 보건진료소 이전 신축사업 건과 공, 사유재산 교환 건 등 2건으로 가결됨."
id_2060-AGENDA_1,제176회 음성군의회 제2차 정례회 제1차 본회의 개의 선포.
id_2060-AGENDA_2,제176회 음성군의회 제2차 정례회 회기는 11월 28일부터 12월 22일까지 25일간으로 가결됨.
id_2060-AGENDA_3,"제176회 음성군의회 제2차 정례회 회의록 서명의원으로 윤창규 의원, 최임순 의원이 선출됨."
id_2060-AGENDA_4,"예산결산 특별위원회는 금번 정례회 기간 중 음성군수로부터 제출된 2007년도 예산안, 2007년도 기금운용계획안, 2006년도 제3회 추가경정예산안을 심사하기위해 구성함. 특별위원회는 금"
id_2060-AGENDA_5,제월 29일부터 12월 4일까지 4일간 군정 전반에 관한 질문과 답변을 구하기 위해 군수 및 관계 공무원의 출석을 요구하여 가결됨.
id_2060-AGENDA_6,음성군 주민참여 예산제 운영조례안은 예산편성과정에서부터 조례범위 내에서 제출된 주민의 의견수렴과 그 결과의 인터넷공개 등 주민이 적극적으로 참여할 수 있도록 제도화하기 위한 법적 장치 마련을 위해 제정
id_2060-AGENDA_7,음성군 금고지정 및 운영에 관한 조례안은 지방재정법 제77조 및 동법시행령 제102의 규정에 의하여 지방자치단체 금고지정기준이 제정됨에 따라 음성군 금고 지정 및 운영에 관한
id_2060-AGENDA_8,음성군 수돗물 수질평가위원회 운영조례 일부개정조례안은 수도법이 2005년 12월 29일 개정시행됨에 따라 개정된 법령 중 조례명과 일부 내용이 조례와 불합리하여 조례의 일부를 개정하고자 제정됨
id_2061-AGENDA_1,제187회 완주군의회 임시회 제1차 본회의 개의 선포.
id_2061-AGENDA_2,제187회 완주군의회 임시회 회기는 2월 26일부터 2월 28일까지 3일간으로 가결됨.
id_2061-AGENDA_3,제187회 완주군의회 임시회 회의록 서명의원으로 조정석 의원과 이향자 의원이 선출됨.
id_2061-AGENDA_4,"완주 전주 통합반대 특별위원회는 지역 내 다양한 문제점에 대한 심층 분석 및 연구 검토를 통해 통합의 부당성 및 불필요성을 지역주민들에게 제공하고, 주민들의 알권리 충족을 위해 구성됨. 구성 위원으로 7"
id_2061-AGENDA_5,2월 27일 1일간 휴회가 가결됨. 제2차 본회의는 2월 28일 오전 10시에 개의.
id_2062-AGENDA_1,제157회 완주군의회 임시회 제1차 본회의 개의 선포.
id_2062-AGENDA_2,제157회 완주군의회 임시회 회기는 12월 31일 1일간으로 가결됨.
id_2062-AGENDA_3,제157회 완주군의회 임시회 회의록 서명의원으로 정성모 의원과 김상식 의원이 선임됨.
id_2062-AGENDA_4,제5대 완주군의회 후반기 의장 사임 동의 건은 채택됨.
id_2062-AGENDA_5,"제5대 완주군의회 후반기 의장 보궐선거는 총 8표 중에서 서제일 의원 8표, 무효 4표로 서제일 의원 당선."
id_2066-AGENDA_1,제166회 완주군의회 제2차 정례회 제1차 본회의 개의 선포.
id_2066-AGENDA_2,제166회 완주군의회 제2차 정례회 회기는 11월 29일부터 12월 17일까지 19일간으로 가결됨.
id_2066-AGENDA_3,제166회 제2차 정례회 회의록 서명의원으로 조정석 의원과 송지용 의원이 선출됨.
id_2066-AGENDA_4,2011년도 군정계획 보고.
id_2066-AGENDA_5,2011년도 세입세출 예산안 제안 설명.
id_2066-AGENDA_6,중기지방재정계획 보고.
id_2066-AGENDA_7,11월 30일부터 12월 12일까지 13일간 휴회가 가결됨. 제2차 본회의는 12월 13일 오전 10시에 개의.
id_2068-AGENDA_1,제157회 음성군의회 임시회 제4차 본회의 개의 선포.
id_2068-AGENDA_2,제157회 음성군의회 임시회 의사일정 변경의 건은 가결됨.
id_2068-AGENDA_3,"음성군 문화예술공간 및 미술장식의 설치조례안은 대통령령이 정하는 종류 또는 규모 이상의 건축물을 건축하고자 하는 자에 대하여 건축비용의 일정비율에 해당하는 금액을 회화 및 조각, 공예 등 미술장"
id_2068-AGENDA_4,음성군 지방공무원 정원조례 일부개정조례안은 최근 생계형 사건 및 사고의 증가 등으로 사회복지 전담체계의 개선에 따른 조정기능을 보강하는 데 따른 인력과 비정규직으로 운영되던 보건진료소 정
id_2068-AGENDA_5,음성군 지역사회복지협의체 설치 및 운영조례안은 지역의 복지문제를 해결하기 위하여 민주적 의사소통구조를 확립하고 수요자 우선의 통합적 복지서비스 제공기반을 마련하여 지역사회의 복지자원의 효율적 활용 측
id_2068-AGENDA_6,음성군 재난안전대책본부 운영조례안은 각종재난으로부터 군민의 생명과 재난을 보호하기 위하여 재난 및 안전관리기본법 제16조의 규정에 의하여 음성군 재난안전대책본부의 구성 및 운영 및 상황
id_2069-AGENDA_1,제89회 음성군의회 임시회 제1차 본회의 개의 선포.
id_2069-AGENDA_2,제89회 음성군의회 임시회 회기는 11월 11일부터 11월 13일까지 3일간으로 가결됨.
id_2069-AGENDA_3,"제89회 음성군의회 임시회 회의록 서명의원으로 김우식 의원, 김천봉 의원이 선출됨."
id_2069-AGENDA_4,1999행정사무감사특별위원회 구성안은 1999년도 정기회를 앞두고 원활한 행정사무감사 운영에 효율과 내실을 도모하기 위한 행정사무감사 자료목록 작성 등 제반준비에 만전을 기하고자 제안됨.
id_2069-AGENDA_5,"타 시, 군 비교견학 결과 보고서가 채택됨."
id_2069-AGENDA_6,"음성군 지방공무원정원 조례 중 개정조례안은 사회복지전문요원의 사기진작과 저소득층의 기초생활보장 업무를 원활히 추진하기 위하여 기존의 사회복지 전문요원 8명, 7급 상당 6명, 8급 상당 2명을"
id_2069-AGENDA_7,환경오염 현지확인 결과에 따른 조치결과 보고의 건은 채택됨.
id_2069-AGENDA_8,제89회 임시회 휴회의 건은 1999행정사무감사특별위원회 활동을 하는 의사일정으로 갈음함.
id_2071-AGENDA_1,제56회 음성군의회 임시회 제1차 본회의 개의 선포.
id_2071-AGENDA_2,제56회 음성군의회 임시회 회기는 5월 28일부터 6월 1일까지 5일간으로 가결됨.
id_2071-AGENDA_3,"제56회 음성군의회 임시회 회의록 서명의원으로 강대식 의원, 박희남 의원이 선출됨."
id_2071-AGENDA_4,"1996년도 제1회 세입, 세출추가경정예산안 제안설명."
id_2071-AGENDA_5,"예산결산특별위원회위원은 최관식 의원, 김우식 의원, 이덕우 의원, 강대식 의원, 박희남 의원, 권영득 의원, 홍재선 의원으로 구성함. 특별위원회는 5월 28일부터 5월 31일까지 4일간 운영"
id_2071-AGENDA_6,"음성군 폐기물 관리 조례 제정 조례안은 1995년 1월 1일부터 실시된 폐기물 종량제에 따라서 쓰레기 감량화에 있어서 쓰레기봉투 문제, 홍보갖가지 문제가 도출되어 제정되었으며, 해당 안건은 가결됨."
id_2071-AGENDA_7,음성군 지역 농업개발센터 설치 운영 조례제정조례안은 최첨단 과학영농시설과 기재를 확보하고 내방 농민을 철저히 지도함으로서 현장지도와 아울러 지도소 내방농민에 교육활동을
id_2071-AGENDA_8,음성군사무의읍면위임조례중개정조례안은 행정기구 개편에 따라 실과별 명칭을 정비하고 실 과간 업무 조정에 따른 업무를 현직제와 일치되게 정비하고자 제정되었음. 해당
id_2071-AGENDA_9,음성군세조례중개정조례안은 1996년도부터 시행되는 개정 지방세법 법령에 따라 음성군세조례 중 개정할 사항 및 현행 조례운영상 미비점을 보완하고자 제정됨. 해당
id_2071-AGENDA_10,음성군노인복지기금 설치 및 운용관리조례 중 개정조례안은 “기부금품모집금지법”이 “기부금품모집규제법”으로 개정 공포되면서 기부금품 모집 허가대상이 축소됨에
id_2071-AGENDA_11,음성군 실내체육관 건립 계획승인안은 지방재정법 제30조 제3에서 4항 및 동법시행령 제30조 제2에서 5항에 의거 투자심사를 거쳐 지방자치법 제35조
id_2071-AGENDA_12,1995이월사업현지확인결과보고의 건은 채택됨.
id_2071-AGENDA_13,제56회 임시회 휴회의 건은 예산결산특별위원회 활동과 관련하여 금일 14시에 소회의실에서 예산결산특별위원회 회의가 개최됨. 제2차 본회의는 6월 1일 11시에 개의.
id_2073-AGENDA_1,제138회 완주군의회 임시회 제2차 본회의 개의 선포.
id_2073-AGENDA_2,완주군 부동산투기지역지정철회재촉구건의안이 제2차 본회의에서 제안설명을 위해 의사일정 변경 건이 가결됨.
id_2073-AGENDA_3,"완주군 지방별정직공무원의 범위에 관한 조례 일부개정조례안은 아동복지지도원, 여성복지상담원, 역참박물관 안내원, 주민복지상담원 중 아동복지지도원, 여성복지지도원, 여성복지"
id_2073-AGENDA_4,완주군 도시계획조례 일부개정조례안은 국토의 계획 및 이용에 관한 법률 시행령 개정에 따라 관리지역 계획관리지역 안에서 부지면적 1만 제곱미터 미만의 소규모 공장을 군 계획위원회의 심의를 거쳐
id_2073-AGENDA_5,완주군 부동산투기지역 지정 철회 촉구 건의안은 완주군 전 지역인 13개 읍면 전 지역을 토지투기지역으로 지정하기 위해 제안됨. 해당 안건은 가결됨.
id_2074-AGENDA_1,제187회 음성군의회 임시회 제1차 본회의 개의 선포.
id_2074-AGENDA_2,제187회 음성군의회 임시회 회기는 2월 12일부터 2월 15일까지 4일간으로 가결됨.
id_2074-AGENDA_3,제187회 음성군의회 임시회 회의록 서명의원으로 이한철 부의장과 최임순 의원이 선출됨.
id_2074-AGENDA_4,음성군 여비 조례 일부개정조례안은 2008년도부터는 실비정산제 도입으로 음성군 여비 조례의 준용법인 <공무원여비규정>의 개정에 따라서 이에 맞게 개정하고자 제정됨.
id_2075-AGENDA_1,제246회 완주군의회 제2차 정례회 제1차 본회의 개의 선포.
id_2075-AGENDA_2,제246회 완주군의회 제2차 정례회 회기는 11월 12일부터 12월 11일까지 30일간으로 가결됨.
id_2075-AGENDA_3,제246회 완주군의회 제2차 정례회 회의록 서명의원으로 윤수봉 의원과 유의식 의원이 선출됨.
id_2075-AGENDA_4,제246회 완주군의회 정례회 기간 중 실시되는 군정질문에 대한 집행부 측의 책임 있는 답변을 듣고자 12월 3일 제3차 본회의에 완주군수 등 관계 공무원의 출석을 요구하여 가결
id_2075-AGENDA_5,11월 13일부터 11월 21일까지 9일간 휴회가 가결됨. 제2차 본회의는 11월 22일 오전 10시에 개의.
id_2076-AGENDA_1,제요사업현지확인특별위원회 제1차 회의 개의 선포.
id_2076-AGENDA_2,제주군의회 제 278회 임시회 제1차 본회의인 3월 27일에 개의 선포.
id_2076-AGENDA_3,주요사업 현지확인 특별위원회 운영계획안이 가결됨.
id_2077-AGENDA_1,제31회 청주시의회 2017년도 제2차 정례회 제1차 본회의 개의 선포.
id_2077-AGENDA_2,11월 인사이동에 따른 승진 및 전보된 간부공무원 소개.
id_2077-AGENDA_3,제회사무국 간부공무원 소개.
id_2077-AGENDA_4,제31회 청주시의회(2017년도제2차정례회) 회기는 11월 28일부터 12월 19일까지 22일간으로 가결됨.
id_2078-AGENDA_1,제302회 음성군의회 제5차 본회의 개의 선포.
id_2078-AGENDA_2,"2018년 하반기 주요업무 보고의 건은 보건소, 농업기술센터 순으로 보고 진행함."
id_2078-AGENDA_3,보건소 2018년도 하반기 주요업무 보고.
id_2078-AGENDA_4,농업기술센터 2018년 하반기 주요업무계획 보고.
id_2081-AGENDA_1,제161회 음성군의회 임시회 제2차 본회의 개의 선포.
id_2081-AGENDA_2,제161회 음성군의회 의사일정 변경의 건은 가결됨.
id_2081-AGENDA_3,"2005년도 제2회 세입, 세출 추가경정예산승인 심사결과 보고. 해당 안건은 가결됨."
id_2081-AGENDA_4,음성군 행정기구 설치조례 일부개정조례안은 정책추진팀과 서울사무소 신설 및 수상레저안전법 공포에 따른 사무를 분장하기 위해 제안됨. 해당 안건은 가결됨. 음성군
id_2081-AGENDA_5,음성군세 감면조례 일부개정조례안은 2005년도 개별공시지가 공시일의 변경으로 과세표준의 2개년 상승분이 일시에 반영되어 군민부담이 증가함에 따라서 지가가 상승된 토지에 한
id_2081-AGENDA_6,"2005년도 공유재산 관리계획 변경계획안은 소이면 청사 증축계획과 감곡면 청사 증축계획, 대소미곡1리 마을정비사업에 따른 부지매입을 진행하고자 제안됨. 해당 안"
id_2082-AGENDA_1,제122회 음성군의회 임시회 제2차 본회의 개의 선포.
id_2082-AGENDA_2,"2002년도공유재산관리계획변경계획안은 지방재정법 제78조에 의거해 재산의 취득, 처분 등의 자문을 구하기 위해 공유재산심의회의 심의를 거쳤으며, 의회의 의회의 의결을"
id_2082-AGENDA_3,"2002년 제2회 세입, 세출 추가경정예산안이 가결됨."
id_2083-AGENDA_1,제90회 음성군 의회 정기회 제5차 본회의 개의 선포.
id_2083-AGENDA_2,"1998년도 세입, 세출결산 및 예비비 지출승인안이 가결됨."
id_2083-AGENDA_3,"2000년도 세입, 세출예산안 심사결과 보고. 해당 안건은 가결됨."
id_2083-AGENDA_4,제주군의 선거구 획정에 따른 건의안은 음성군이 독립선거구인 괴산군보다 인구수가 많음에도 불구하고 진천군과 한선거구로 획정됨은 큰 모순이므로 음성군을 단일선거구로 조정해 줄 것을 건의
id_2083-AGENDA_5,12월 17일부터 12월 21일까지 3일간 군정 질문에 대한 답변을 통하여 군정을 파악 및 이해하고 군민의 의사를 군정에 반영시키고자 군수 및 관계 공무원의 출석을 요구하여 가결됨.
id_2083-AGENDA_6,달천댐건설 반대건의안은 기존의 충주댐과 대청댐 건설로 인해 자연환경의 변화에 따른 지역 피해가 극심한 상황에서 또다시 달천댐을 건설하는 것은 묵과할 수 없어 반대하고자 제안됨. 해당 안
id_2083-AGENDA_7,호남고속철도 오송기점역 설치에 관한 건의안은 채택됨.
id_2083-AGENDA_8,"음성군 준농림지역 내 음성, 숙박시설 설치에 관한 조례안은 준농림지역 안에서 수질오염 및 경관훼손 우려가 없는 범위 내에서 음식, 숙박업등의 설치를 허용함으로서 국토이용의 효율화를"
id_2083-AGENDA_9,"음9대 음성군의회기및의원배지에관한규칙중개정규칙안은 음성군 CI개발 완료에 따라 의회기의 규격, 모형, 문장이 변경되어 개정하고자 제정됨. 해당 안건은 가결"
id_2083-AGENDA_10,"음성군 수질개선특별회계 설치 및 운영 조례안은 한강수계상수원 수질개선과 주민지원사업의 효율적인 추진을 위하여 제정하였으며, 해당 안건은 가결됨."
id_2083-AGENDA_11,"1999년도 공유재산 관리계획 변경안은 지방재정법 제78조에 의거하여 재산의 취득, 처분 등의 자문을 위해 공유재산심의회의 심의를 거쳤으며, 군 의회의 의회의 의회의 의결을 받고"
id_2084-AGENDA_1,제308회 음성군의회 임시회 본회의 개의 선포.
id_2084-AGENDA_2,제308회 음성군의회 임시회 회기는 2월 14일부터 2월 20일까지 7일간으로 가결됨.
id_2084-AGENDA_3,제308회 음성군의회 임시회 회의록 서명의원으로 김영섭 부의장과 김영호 의원이 선출됨.
id_2084-AGENDA_4,금왕테크노밸리산업단지 내 폐기물매립장 설치 반대 결의안은 해당 안건에 대해 강력히 반대하기 위하여 발의함. 해당 결의안은 채택됨.
id_2084-AGENDA_5,"2019년도 군정 주요업무 보고의 건은 원활한 회의 진행을 위하여 기획감사실, 자치행정과 순으로 보고 진행함."
id_2084-AGENDA_6,"도시소브랜드 슬로건 개발은 일반현황과 2019년 주요업무계획, 특수시책 순으로 보고 진행함."
id_2084-AGENDA_7,"내자보관창고 같은 것을 지으려면 비용이 들어가고 매달 관리비가 들지만 전기세라든가 냉 난방비 시설을 하면 일반 보관창고가 아닌 일반 보관창고의 성격이므로, 창고 개설시 부대 비용이"
id_2085-AGENDA_1,제98회 음성군의회 임시회 제1차 본회의 개의 선포.
id_2085-AGENDA_2,제98회 음성군의회 임시회 회기는 8월 31일 1일간으로 가결됨.
id_2085-AGENDA_3,"제98회 음성군의회 임시회 회의록 서명의원으로 김우식 의원, 고재협 의원이 선출됨."
id_2085-AGENDA_4,음성군 군민대상에관한조례중개정조례안은 음성군민대상 본상 부분에 대한 수상분야를 시대의 변화에 맞게 새롭게 지정하여 군민대상의 위상과 의미를 더욱 높이고 출향인사 중 음성
id_2085-AGENDA_5,"2000년도 공유재산 관리계획 변경 계획안은 벼 병해충 예찰포를 설치, 운영하여 각종 병해충 발생을 조기에 예찰하고 방제대책 자료 및 보도 자료 등으로 활용하기 위한 예찰 답변을 취득"
id_2085-AGENDA_6,음성군산림욕장다목적시설설치및운영조례안은 삼림욕장 다목적 시설 운영 방법을 조례로 정하여 관리 및 이용객에 대하여 편의를 제공하고자 제정되었음. 해당 안건은 가
id_2086-AGENDA_1,제182회 완주군의회 제1차 정례회 제1차 본회의 의결에서 의장을 제외한 의원 7명이 모두 예산결산특별위원회 위원으로 선임됨.
id_2086-AGENDA_2,제182회 완주군의회 제1차 정례회 예산결산특별위원회 제1차 회의 개의 선포.
id_2086-AGENDA_3,2011년도 세입세출결산 승인안 심사결과 보고. 해당 안건은 가결됨.
id_2086-AGENDA_4,2011년도 예비비사용 승인안 심사결과 가결됨.
id_2087-AGENDA_1,제209회 완주군의회 제2차 정례회 제2차 본회의 개의 선포.
id_2087-AGENDA_2,2016년도 군정계획 보고의 건 의사일정 제2항 2016년도 예산안 제안설명.
id_2087-AGENDA_3,11월 28일부터 12월 6일까지 9일간 휴회가 가결됨.
id_2088-AGENDA_1,제150회 제2차 정례회 제1차 본회의 개의 선포.
id_2088-AGENDA_2,제150회 음성군의회 제2차 정례회 회기는 11월 29일부터 12월 24일까지 26일간으로 가결됨.
id_2088-AGENDA_3,"제150회 제2차 정례회 회의록 서명의원으로 박희남 의원, 강연수 의원이 선출됨."
id_2088-AGENDA_4,111회 제2차 정례회 제2차 정례회 중 군정 전반에 관한 의원 질문에 대한 답변을 통하여 군정을 올바로 파악 및 이해하고 군민의 고견을 군정에 반영하고자 제안됨. 해당 안건은 가결됨.
id_2088-AGENDA_5,"행정사무감사 특별위원회는 이한철 의원, 윤병승 의원, 반광홍 의원, 박희남 의원, 강연수 의원, 이준구 의원, 정지태 의원으로 구성함. 특별위원회는 제2차 정례회 기간 중 7일 이내로 구성함. 특별위원회는"
id_2088-AGENDA_6,"예산5년산특별위원회위원은 이한철 의원, 윤병승 의원, 반광홍 의원, 박희남 의원, 강연수 의원, 이준구 의원, 정지태 의원으로 구성함. 특별위원회는 제2차 정례회 기간 중 의사일정에 따라 2005년도 세입"
id_2088-AGENDA_7,음성군 공중화장실 설치 및 관리 조례안은 음성군공중화장실에대한관한 법률 제18조에서 위임한 사항과 그 시행에 필요한 사항을 규정하고 주민의 위생 편의와 복지증진 목적으로 제정되었음
id_2088-AGENDA_8,음성군 공유재산 관리계획 변경 계획안은 대소국민체육센터건립에 대한 추진사항을 보고. 해당 안건은 가결됨.
id_2088-AGENDA_9,제150회 제2차 정례회 제1차 본회의 휴회의 건은 행정사무감사특별위원회 활동에 따른 감사계획서 작성 등 위원회 활동을 하는 의사일정으로 갈음함.
id_2089-AGENDA_1,제200회 음성군의회 임시회 제2차 본회의 개의 선포.
id_2089-AGENDA_2,"음성군 군민대상에 관한 조례 일부개정조례안은 매년 시상하는 방식에서 수상자 선정 등 분야별 추천인물이 빈약하여 군민대상의 취지를 살리지 못하고 있다는 주민 여론에 따라 제정하였으며,"
id_2089-AGENDA_3,음성군 공설운동장 설치 및 운영조례 폐지 조례안은 음성군 공설운동장 및 금왕공설운동장의 관리 및 운영을 규정한 조례로 해당 조례는 폐지되었음. 해당 안건은 가결
id_2089-AGENDA_4,음성군 공동주택 관리지원 조례 일부개정조례안은 음성군 공동주택 관리지원 조례의 운영상 미비점을 보완하여 체계적이고 효율적인 공동주택 주거관리를 추진하기 위한 음성군 공동주택 관리지원 조례를 일부
id_2089-AGENDA_5,"행정사무감사 시정요구사항 조치결과를 기획감사실, 주민생활복지과, 행정과, 문화공보과, 재무과, 종합민원과, 환경보호과, 농정과, 보건소 순으로 보고 진행함."
id_2089-AGENDA_6,제198회 음성군의회 제2차 정례회 시 보고.
id_2089-AGENDA_7,행정유재산 관리 철저를 위해 행정사무감사와 같은 행정사무감사에서 시정요구사항에 대해 보고할 것.
id_2089-AGENDA_8,1인 1혁신 제안제도 운용에 있어 22건 접수에 1건을 채택 시행하는 경우 시행 가능한지 여부를 검토하여 군정에 반영할 것.
id_2089-AGENDA_9,음성문화공보과 행정사무감사 시정요구사항 및 조치결과 보고.
id_2089-AGENDA_10,재무과 소관 2008년도 행정사무감사 시정요구사항 조치결과 보고.
id_2089-AGENDA_11,무주부동산 및 일본인 명의 토지에 대하여 적법한 절차에 맞게 토지대장 등 소유권이 정리될 수 있도록 해당 실과에 통보해 관리하기 바란다는 의견을 주셔서 해당 부서에서 정리하도록 조치함.
id_2089-AGENDA_12,환경보호과 소관 조례 중 음성군 폐기물 처리시설 설치촉진 및 주변 지역 지원 조례는 2008년 12월 19일 조례 제195호로 개정됨.
id_2089-AGENDA_13,행정월 9일부터 3월 13일까지 교육중인 관계로 대신 보고할 것.
id_2089-AGENDA_14,보건소 2008년도 행정사무감사 시정요구사항 및 건의사항 조치결과 보고.
id_2090-AGENDA_1,제308회 음성군의회 임시회 제2차 본회의 개의 선포.
id_2090-AGENDA_2,2019년도 주요업무 보고의 건은 원활한 회의 진행을 위하여 2018년도 주요성과는 유인물로 갈음함.
id_2090-AGENDA_3,미디어정보과 소관 2019년도 군정 주요업무 보고.
id_2090-AGENDA_4,평생학습과 소관 2019년도 주요업무 보고.
id_2090-AGENDA_5,주민주민지원과 2019년도 주요업무 보고.
id_2090-AGENDA_6,경복지과 2019년 주요업무 보고.
id_2090-AGENDA_7,"제토포체의 경우 화장실이 부족하기 때문에, 화장실을 늘려서 주민들이 편하게 식당을 이용할 수 있도록 할 것."
id_2090-AGENDA_8,"주민주민들과의 소통과 주민들과의 갈등이 생기기 때문에, 서면으로 서면으로 보고할 것."
id_2091-AGENDA_1,제132회 제1차 정례회 제5차 본회의 개의 선포.
id_2091-AGENDA_2,"2002년도세입,세출결산및예비비지출승인의 건 심사결과 가결됨."
id_2091-AGENDA_3,"음성군 건축 조례 중 개정조례안은 건축법, 건축법시행령 개정과 국토의계획및이용에관한법률이 제정됨에 따라 재해위험구역안의 건축물의 건축제한 등 및 건축물과의 관계규정"
id_2092-AGENDA_1,제109회 음성군의회 임시회 제1차 본회의 개의 선포.
id_2092-AGENDA_2,제109회 음성군의회 임시회 회기는 9월 4일부터 9월 10일까지 7일간으로 가결됨.
id_2092-AGENDA_3,"제109회 임시회 회의록 서명의원으로 남궁유 의원, 김천봉 의원이 선출됨."
id_2092-AGENDA_4,"주주사업현지확인특별위원회 구성 결의안은 2001년도 예산 편성된 사업에 대하여 직접 현장을 방문하여 사업 추진상의 문제점을 도출하여 군정에 반영함은 물론, 설계에 의한 정확한 시공을 촉진하여 사업의 성과를 높이고자 제안됨."
id_2092-AGENDA_5,제109회 임시회 휴회는 주요사업 현지확인 특별위원회 의사일정으로 갈음함.
id_2093-AGENDA_1,제68회 음성군의회 임시회 제1차 본회의 개의 선포.
id_2093-AGENDA_2,제68회 음성군의회 임시회 회기는 9월 24일부터 9월 29일까지 6일간으로 가결됨.
id_2093-AGENDA_3,"제68회 음성군의회 임시회 회의록 서명의원으로 박희남 의원, 권영득 의원이 선출됨."
id_2093-AGENDA_4,"1997년도 제2회 세입, 세출추가경정예산안 제안 설명."
id_2093-AGENDA_5,"예산결산특별위원회위원은 유희종 의원, 김우식 의원, 이덕우 의원, 강대식 의원, 권영득 의원, 박희남 의원, 홍재선 의원, 김천봉 의원으로 구성함. 특별위원회는 9월 24일부터 9월 27"
id_2093-AGENDA_6,음성군 공유재산 관리 조례 중 개정조례안은 지방재정법과 동법시행령에 따라 지방자치단체가 공유재산 관리 조례와 동 조례 시행규칙을 운영 중인 상황에서 국유재산법 시행령상의 국유재산 제도에
id_2093-AGENDA_7,음성군 청소년 수련원 설치 및 운용 조례 중 개정 조례안은 일부 청소년 수련원 이용료 부적합 문제점 시정을 통해 청소년 수련원 운영에 효율을 기하고자 제정되었음. 해당 안건은 가결됨.
id_2093-AGENDA_8,"음성군 정기시장관리 및 사용조례 중개정조례안은 유통산업발전법이 제정되면서 종전에 시장관리 상위법인 도, 소매 진흥법이 폐지됨에 따라 상위법에 저촉되는 음성군 정기 시장관리 및"
id_2094-AGENDA_1,제270회 음성군의회 임시회 제2차 본회의 개의 선포.
id_2094-AGENDA_2,"2015년도 제2회 세입, 세출 추가경정예산안 승인의 건은 가결됨. 2015년도 기금운용계획 변경안 승인의 건은 가결됨."
id_2094-AGENDA_3,음성군의회기 및 의원배지에 관한 규칙 일부개정규칙안은 가결됨. 음성군의회 의원 신분증 규칙 일부개정규칙안은 가결됨.
id_2094-AGENDA_4,제271회 임시회 기간 중 3일 동안 군정에 관한 질문과 답변을 듣고자 군수 및 관계공무원의 출석을 요구하여 가결됨.
id_2094-AGENDA_5,음성군 장애인복지기금 설치 및 운용 조례 일부개정조례안은 조례제정 당시인 1999년도에는 연6%로 금융기관의 정기예금 이자율이 높아 이자율이 계속 감소하여 2015년 5월에는 1.75%로 규정상
id_2094-AGENDA_6,음성군 노인복지기금 설치 및 운용관리 조례 일부개정조례안은 기금의 이자수익금으로 사업을 추진함에 있어서 저금리로 이자수익금이 감소하여 사업을 추진하는 데 어려움이 있어 관련 조례를 현실에 맞게 개정하여 사업비
id_2094-AGENDA_7,"음성군 문화예술공간 및 미술장식의 설치 조례 폐지 조례안은 <문화예술진흥법>제9조 및 같은 법 시행령 제13조에 건축물에 대한 위임사항이 시도지사에게 신청하도록 개정되었으며, <충"
id_2094-AGENDA_8,음성군 공유재산 관리 조례 일부개정조례안은 <공유재산 및 물품 관리법 시행령>의 개정에 따라 지역특산품 및 지역생산제품 등의 생산 및 전산을 위한 행정재산 사용 시 사용료 감경기
id_2094-AGENDA_9,제270회 임시회 휴회의 건은 회기 중 비교견학을 위하여 8월 31일부터 9월 1일까지 휴회가 가결됨.
id_2095-AGENDA_1,제287회 음성군의회 임시회 제3차 본회의 개의 선포.
id_2095-AGENDA_2,한동완 의원은 성본산단과 관련하여 수차례 의원간담회에서 성본산단 문제를 거론함.
id_2095-AGENDA_3,음성군 노인일자리 창출 및 지원 조례안은 노인인구가 급격히 증가하고 있는데 노인문제에 대한 해결책을 제시하기 위해 제안됨. 해당 안건은 가결됨.
id_2095-AGENDA_4,"2016회계연도 결산검사위원은 대표위원으로 한동완 의원, 위원으로 손수정 전 음성군의회 의장, 안용섭 전 기획감사실장, 김종태 청석세무회계사무소장, 황언구"
id_2095-AGENDA_5,원남산업단지 내 매립 폐기물 조사에 관한 청원은 불법으로 폐기물을 매립할 거면 왜 음성군이 수십억의 예산을 들여 매입하는지 사실조사를 실시해 보고할 것. 해당 안건은 가결됨.
id_2095-AGENDA_6,음성군 부동산평가위원회 조례 전부개정조례안은 <부동산 가격공시 및 감정평가에 관한 법률>이 <부동산 가격공시에 관한 법률>로 개정되어 제명 변경과 상위법에서 위임된 사항을
id_2095-AGENDA_7,전 농어촌지역 군수협의회 규약 동의안은 농어촌의 지역특성을 공유하고 있는 전국의 군 상호 간의 연대와 협력을 통하여 관련된 현안사항 및 사무를 보다 발전적으로 처리하고자 제정함. 해당 안건은 가결됨.
id_2095-AGENDA_8,고려인삼 시군협의회 규약 동의안은 고려인삼 시군 간 상호 교류와 인삼산업의 발전 방안을 공동으로 모색하고 국내 및 세계 인삼시장 변화에 상호 협력하기 위하여 고려인삼 시군협의회 설치와 운영 등에
id_2095-AGENDA_9,<음성군 가축분뇨공공처리시설 설치사업> 음성 군 관리계획 결정(변경)안은 <국토의 계획 및 이용에 관한 법률>제28조 규정에 따라 의회 의견을 청취하고자 제정됨. 해당
id_2096-AGENDA_1,제174회 음성군의회 임시회 제2차 본회의 개의 선포.
id_2096-AGENDA_2,제174회 음성군의회 임시회 회기는 10월 10일부터 10월 20일까지 7일간으로 가결됨.
id_2096-AGENDA_3,농협 축산물공판장 이전관련 현지확인 특별위원회는 지난 10월 10일 제1차 본회의시 농협 축산물공판장 이전 예정 부지인 삼성면 상곡리 산 32번지 일대 공유임야 매각계획안에 대한 심사를
id_2096-AGENDA_4,음성군 대소도서관 관리운영 조례안은 대소도서관 신축에 따라 관리운영의 근거를 마련하고자 제정되었음. 해당 안건은 가결됨.
id_2096-AGENDA_5,제4기 음성군 지역보건의료계획안은 지역보건법 제3조 및 동법시행령 제5조에 의거 4년마다 수립하기 위하여 주민설문조사 실시하여 주민들과의 의견 수렴을 하고자 제안됨. 해당 안
id_2096-AGENDA_6,제174회 임시회 휴회의 건은 회기 중 10월 20일까지 특별위원회 활동을 하는 의사일정으로 갈음함.
